صنعت,مورد استفاده,مزیت اصلی,پیچیدگی پیاده‌سازی
تجارت الکترونیک,سوالات محصول و پشتیبانی,خدمات مشتری 24/7,کم
شرکت‌های خدماتی,سوالات متداول و رزرو قرار ملاقات,برنامه‌ریزی خودکار,متوسط
موسسات آموزشی,اطلاعات دانشجویی و پشتیبانی,کاهش بار اداری,کم
بهداشت و درمان,اطلاعات بیمار و برنامه‌ریزی قرار ملاقات,بهبود تجربه بیمار,متوسط
دولت,خدمات شهروندی و اطلاعات,بهبود خدمات عمومی,زیاد
سازمان‌های غیرانتفاعی,پشتیبانی داوطلب و اهداکننده,ارتباط ساده‌شده,کم
بانکداری,اطلاعات حساب و کمک تراکنش,پشتیبانی مشتری امن,زیاد
بیمه,اطلاعات بیمه و پشتیبانی ادعا,پردازش خودکار ادعا,متوسط
سفر,کمک رزرو و اطلاعات سفر,پشتیبانی رزرو 24/7,متوسط
املاک و مستغلات,اطلاعات ملک و برنامه‌ریزی بازدید,تولید سرنخ و برنامه‌ریزی,متوسط

