Phase,Duration,Description,Status
Setup,1-2 days,Basic configuration,Ready
Content Creation,1-2 weeks,Comprehensive FAQ database,Ready
Testing,3-5 days,Thorough testing,Ready
Launch,1 day,Deployment,Ready
Optimization,Ongoing,Based on usage,Continuous
Authentication System,Future,User registration and login,Planned
Advanced AI Features,Future,Conversation memory and multi-turn dialogues,Planned
Analytics & Reporting,Future,Advanced analytics dashboard,Planned
Integration Capabilities,Future,Webhook support and third-party integrations,Planned
