فاز,مدت زمان,توضیحات,وضعیت
راه‌اندازی,1-2 روز,پیکربندی پایه,آماده
ایجاد محتوا,1-2 هفته,پایگاه داده جامع سوالات متداول,آماده
تست,3-5 روز,تست کامل,آماده
راه‌اندازی,1 روز,استقرار,آماده
بهینه‌سازی,مداوم,بر اساس استفاده,مداوم
سیستم احراز هویت,آینده,ثبت‌نام و ورود کاربر,برنامه‌ریزی شده
ویژگی‌های پیشرفته هوش مصنوعی,آینده,حافظه مکالمه و گفتگوهای چندگانه,برنامه‌ریزی شده
تحلیل و گزارش‌گیری,آینده,داشبورد تحلیل پیشرفته,برنامه‌ریزی شده
قابلیت‌های ادغام,آینده,پشتیبانی Webhook و ادغام‌های شخص ثالث,برنامه‌ریزی شده

