Industry,Use Case,Primary Benefit,Implementation Complexity
E-commerce,Product questions and support,24/7 customer service,Low
Service Companies,FAQ and appointment booking,Automated scheduling,Medium
Educational Institutions,Student information and support,Reduced administrative load,Low
Healthcare,Patient information and appointment scheduling,Improved patient experience,Medium
Government,Citizen services and information,Enhanced public service,High
Non-profits,Volunteer and donor support,Streamlined communication,Low
Banking,Account information and transaction help,Secure customer support,High
Insurance,Policy information and claims support,Automated claims processing,Medium
Travel,Booking assistance and travel information,24/7 booking support,Medium
Real Estate,Property information and viewing scheduling,Lead generation and scheduling,Medium
